callId;cpuId;processId;timeStamp;utilization;numUsers
Long;String;String;Long;Double;Integer
0;cpu-agg;12071@kitt;204;0.2736842105263158;4
0;cpu-0;12071@kitt;204;0.2727272727272727;4
0;cpu-1;12071@kitt;204;0.2608695652173913;4
0;cpu-2;12071@kitt;204;0.33333333333333337;4
0;cpu-3;12071@kitt;204;0.391304347826087;4
0;cpu-4;12071@kitt;204;0.17391304347826086;4
0;cpu-5;12071@kitt;204;0.17391304347826086;4
0;cpu-6;12071@kitt;204;0.08695652173913043;4
0;cpu-7;12071@kitt;204;0.4;4
0;cpu-agg;12071@kitt;404;0.050955414012738856;4
0;cpu-0;12071@kitt;404;0.1;4
0;cpu-1;12071@kitt;404;0.1;4
0;cpu-2;12071@kitt;404;0.0;4
0;cpu-3;12071@kitt;404;0.05;4
0;cpu-4;12071@kitt;404;0.09523809523809523;4
0;cpu-5;12071@kitt;404;0.047619047619047616;4
0;cpu-6;12071@kitt;404;0.09523809523809523;4
0;cpu-7;12071@kitt;404;0.0;4
0;cpu-agg;12071@kitt;605;0.09259259259259259;4
0;cpu-0;12071@kitt;605;0.05;4
0;cpu-1;12071@kitt;605;0.15000000000000002;4
0;cpu-2;12071@kitt;605;0.21739130434782608;4
0;cpu-3;12071@kitt;605;0.1;4
0;cpu-4;12071@kitt;605;0.1;4
0;cpu-5;12071@kitt;605;0.09523809523809523;4
0;cpu-6;12071@kitt;605;0.1;4
0;cpu-7;12071@kitt;605;0.047619047619047616;4
0;cpu-agg;12071@kitt;805;0.07051282051282051;4
0;cpu-0;12071@kitt;805;0.05263157894736842;4
0;cpu-1;12071@kitt;805;0.1;4
0;cpu-2;12071@kitt;805;0.0;4
0;cpu-3;12071@kitt;805;0.14285714285714285;4
0;cpu-4;12071@kitt;805;0.10526315789473684;4
0;cpu-5;12071@kitt;805;0.0;4
0;cpu-6;12071@kitt;805;0.05555555555555555;4
0;cpu-7;12071@kitt;805;0.0;4
0;cpu-agg;12071@kitt;1005;0.10191082802547771;4
0;cpu-0;12071@kitt;1005;0.15000000000000002;4
0;cpu-1;12071@kitt;1005;0.1;4
0;cpu-2;12071@kitt;1005;0.15789473684210525;4
0;cpu-3;12071@kitt;1005;0.05263157894736842;4
0;cpu-4;12071@kitt;1005;0.25;4
0;cpu-5;12071@kitt;1005;0.0;4
0;cpu-6;12071@kitt;1005;0.09523809523809523;4
0;cpu-7;12071@kitt;1005;0.0;4
0;cpu-agg;12071@kitt;1206;0.27329192546583847;4
0;cpu-0;12071@kitt;1206;0.29411764705882354;4
0;cpu-1;12071@kitt;1206;0.3;4
0;cpu-2;12071@kitt;1206;0.2727272727272727;4
0;cpu-3;12071@kitt;1206;0.38095238095238093;4
0;cpu-4;12071@kitt;1206;0.35;4
0;cpu-5;12071@kitt;1206;0.2727272727272727;4
0;cpu-6;12071@kitt;1206;0.25;4
0;cpu-7;12071@kitt;1206;0.15000000000000002;4
0;cpu-agg;12071@kitt;1406;0.07643312101910828;4
0;cpu-0;12071@kitt;1406;0.1;4
0;cpu-1;12071@kitt;1406;0.15789473684210525;4
0;cpu-2;12071@kitt;1406;0.05263157894736842;4
0;cpu-3;12071@kitt;1406;0.0;4
0;cpu-4;12071@kitt;1406;0.0;4
0;cpu-5;12071@kitt;1406;0.05555555555555555;4
0;cpu-6;12071@kitt;1406;0.047619047619047616;4
0;cpu-7;12071@kitt;1406;0.09090909090909091;4
0;cpu-agg;12071@kitt;1606;0.3141025641025641;4
0;cpu-0;12071@kitt;1606;0.3684210526315789;4
0;cpu-1;12071@kitt;1606;0.3684210526315789;4
0;cpu-2;12071@kitt;1606;0.3684210526315789;4
0;cpu-3;12071@kitt;1606;0.3;4
0;cpu-4;12071@kitt;1606;0.3684210526315789;4
0;cpu-5;12071@kitt;1606;0.25;4
0;cpu-6;12071@kitt;1606;0.21052631578947367;4
0;cpu-7;12071@kitt;1606;0.33333333333333337;4
0;cpu-agg;12071@kitt;1807;0.6666666666666666;4
0;cpu-0;12071@kitt;1807;0.5714285714285714;4
0;cpu-1;12071@kitt;1807;0.6818181818181818;4
0;cpu-2;12071@kitt;1807;0.6190476190476191;4
0;cpu-3;12071@kitt;1807;1.0;4
0;cpu-4;12071@kitt;1807;0.631578947368421;4
0;cpu-5;12071@kitt;1807;0.6;4
0;cpu-6;12071@kitt;1807;0.6190476190476191;4
0;cpu-7;12071@kitt;1807;0.6190476190476191;4
0;cpu-agg;12071@kitt;2007;0.5279503105590062;4
0;cpu-0;12071@kitt;2007;0.47368421052631576;4
0;cpu-1;12071@kitt;2007;0.5714285714285714;4
0;cpu-2;12071@kitt;2007;0.45;4
0;cpu-3;12071@kitt;2007;0.8571428571428571;4
0;cpu-4;12071@kitt;2007;0.4;4
0;cpu-5;12071@kitt;2007;0.45;4
0;cpu-6;12071@kitt;2007;0.45;4
0;cpu-7;12071@kitt;2007;0.47368421052631576;4
0;cpu-agg;12071@kitt;2207;0.0759493670886076;4
0;cpu-0;12071@kitt;2207;0.15000000000000002;4
0;cpu-1;12071@kitt;2207;0.10526315789473684;4
0;cpu-2;12071@kitt;2207;0.2;4
0;cpu-3;12071@kitt;2207;0.05263157894736842;4
0;cpu-4;12071@kitt;2207;0.0;4
0;cpu-5;12071@kitt;2207;0.09523809523809523;4
0;cpu-6;12071@kitt;2207;0.05;4
0;cpu-7;12071@kitt;2207;0.047619047619047616;4
0;cpu-agg;12071@kitt;2408;0.06369426751592357;4
0;cpu-0;12071@kitt;2408;0.1;4
0;cpu-1;12071@kitt;2408;0.0;4
0;cpu-2;12071@kitt;2408;0.1;4
0;cpu-3;12071@kitt;2408;0.05263157894736842;4
0;cpu-4;12071@kitt;2408;0.19047619047619047;4
0;cpu-5;12071@kitt;2408;0.0;4
0;cpu-6;12071@kitt;2408;0.1;4
0;cpu-7;12071@kitt;2408;0.0;4
0;cpu-agg;12071@kitt;2608;0.0641025641025641;4
0;cpu-0;12071@kitt;2608;0.0;4
0;cpu-1;12071@kitt;2608;0.05263157894736842;4
0;cpu-2;12071@kitt;2608;0.0;4
0;cpu-3;12071@kitt;2608;0.10526315789473684;4
0;cpu-4;12071@kitt;2608;0.10526315789473684;4
0;cpu-5;12071@kitt;2608;0.05;4
0;cpu-6;12071@kitt;2608;0.09523809523809523;4
0;cpu-7;12071@kitt;2608;0.0;4
0;cpu-agg;12071@kitt;2808;0.12025316455696204;4
0;cpu-0;12071@kitt;2808;0.14285714285714285;4
0;cpu-1;12071@kitt;2808;0.25;4
0;cpu-2;12071@kitt;2808;0.05;4
0;cpu-3;12071@kitt;2808;0.14285714285714285;4
0;cpu-4;12071@kitt;2808;0.1;4
0;cpu-5;12071@kitt;2808;0.2631578947368421;4
0;cpu-6;12071@kitt;2808;0.09523809523809523;4
0;cpu-7;12071@kitt;2808;0.0;4
0;cpu-agg;12071@kitt;3009;0.06875;4
0;cpu-0;12071@kitt;3009;0.05263157894736842;4
0;cpu-1;12071@kitt;3009;0.09090909090909091;4
0;cpu-2;12071@kitt;3009;0.10526315789473684;4
0;cpu-3;12071@kitt;3009;0.05;4
0;cpu-4;12071@kitt;3009;0.05;4
0;cpu-5;12071@kitt;3009;0.047619047619047616;4
0;cpu-6;12071@kitt;3009;0.0;4
0;cpu-7;12071@kitt;3009;0.14285714285714285;4
0;cpu-agg;12071@kitt;3209;0.10493827160493827;4
0;cpu-0;12071@kitt;3209;0.14285714285714285;4
0;cpu-1;12071@kitt;3209;0.05555555555555555;4
0;cpu-2;12071@kitt;3209;0.2;4
0;cpu-3;12071@kitt;3209;0.14285714285714285;4
0;cpu-4;12071@kitt;3209;0.18181818181818182;4
0;cpu-5;12071@kitt;3209;0.0;4
0;cpu-6;12071@kitt;3209;0.09523809523809523;4
0;cpu-7;12071@kitt;3209;0.0;4
0;cpu-agg;12071@kitt;3409;0.05128205128205128;4
0;cpu-0;12071@kitt;3409;0.05;4
0;cpu-1;12071@kitt;3409;0.05263157894736842;4
0;cpu-2;12071@kitt;3409;0.0;4
0;cpu-3;12071@kitt;3409;0.05263157894736842;4
0;cpu-4;12071@kitt;3409;0.05263157894736842;4
0;cpu-5;12071@kitt;3409;0.05263157894736842;4
0;cpu-6;12071@kitt;3409;0.0;4
0;cpu-7;12071@kitt;3409;0.05;4
0;cpu-agg;12071@kitt;3610;0.058064516129032254;4
0;cpu-0;12071@kitt;3610;0.05555555555555555;4
0;cpu-1;12071@kitt;3610;0.14285714285714285;4
0;cpu-2;12071@kitt;3610;0.0;4
0;cpu-3;12071@kitt;3610;0.05;4
0;cpu-4;12071@kitt;3610;0.05263157894736842;4
0;cpu-5;12071@kitt;3610;0.05263157894736842;4
0;cpu-6;12071@kitt;3610;0.0;4
0;cpu-7;12071@kitt;3610;0.05263157894736842;4
0;cpu-agg;12071@kitt;3810;0.05732484076433121;4
0;cpu-0;12071@kitt;3810;0.14285714285714285;4
0;cpu-1;12071@kitt;3810;0.05263157894736842;4
0;cpu-2;12071@kitt;3810;0.09523809523809523;4
0;cpu-3;12071@kitt;3810;0.05263157894736842;4
0;cpu-4;12071@kitt;3810;0.0;4
0;cpu-5;12071@kitt;3810;0.05;4
0;cpu-6;12071@kitt;3810;0.047619047619047616;4
0;cpu-7;12071@kitt;3810;0.0;4
0;cpu-agg;12071@kitt;4011;0.09375;4
0;cpu-0;12071@kitt;4011;0.10526315789473684;4
0;cpu-1;12071@kitt;4011;0.14285714285714285;4
0;cpu-2;12071@kitt;4011;0.19047619047619047;4
0;cpu-3;12071@kitt;4011;0.09523809523809523;4
0;cpu-4;12071@kitt;4011;0.10526315789473684;4
0;cpu-5;12071@kitt;4011;0.05;4
0;cpu-6;12071@kitt;4011;0.1;4
0;cpu-7;12071@kitt;4011;0.0;4
0;cpu-agg;12071@kitt;4211;0.09433962264150943;4
0;cpu-0;12071@kitt;4211;0.15;4
0;cpu-1;12071@kitt;4211;0.1;4
0;cpu-2;12071@kitt;4211;0.10526315789473684;4
0;cpu-3;12071@kitt;4211;0.19047619047619047;4
0;cpu-4;12071@kitt;4211;0.09523809523809523;4
0;cpu-5;12071@kitt;4211;0.05;4
0;cpu-6;12071@kitt;4211;0.05;4
0;cpu-7;12071@kitt;4211;0.047619047619047616;4
0;cpu-agg;12071@kitt;4411;0.07547169811320754;4
0;cpu-0;12071@kitt;4411;0.10526315789473684;4
0;cpu-1;12071@kitt;4411;0.10526315789473684;4
0;cpu-2;12071@kitt;4411;0.0;4
0;cpu-3;12071@kitt;4411;0.10526315789473684;4
0;cpu-4;12071@kitt;4411;0.1;4
0;cpu-5;12071@kitt;4411;0.1;4
0;cpu-6;12071@kitt;4411;0.0;4
0;cpu-7;12071@kitt;4411;0.05;4
0;cpu-agg;12071@kitt;4612;0.05161290322580645;4
0;cpu-0;12071@kitt;4612;0.14285714285714285;4
0;cpu-1;12071@kitt;4612;0.05263157894736842;4
0;cpu-2;12071@kitt;4612;0.05263157894736842;4
0;cpu-3;12071@kitt;4612;0.1;4
0;cpu-4;12071@kitt;4612;0.0;4
0;cpu-5;12071@kitt;4612;0.05;4
0;cpu-6;12071@kitt;4612;0.0;4
0;cpu-7;12071@kitt;4612;0.0;4
0;cpu-agg;12071@kitt;4812;0.0880503144654088;4
0;cpu-0;12071@kitt;4812;0.05263157894736842;4
0;cpu-1;12071@kitt;4812;0.05;4
0;cpu-2;12071@kitt;4812;0.18181818181818182;4
0;cpu-3;12071@kitt;4812;0.10526315789473684;4
0;cpu-4;12071@kitt;4812;0.05263157894736842;4
0;cpu-5;12071@kitt;4812;0.10526315789473684;4
0;cpu-6;12071@kitt;4812;0.05;4
0;cpu-7;12071@kitt;4812;0.0;4
0;cpu-agg;12071@kitt;5013;0.056962025316455694;4
0;cpu-0;12071@kitt;5013;0.1;4
0;cpu-1;12071@kitt;5013;0.1;4
0;cpu-2;12071@kitt;5013;0.05263157894736842;4
0;cpu-3;12071@kitt;5013;0.1;4
0;cpu-4;12071@kitt;5013;0.05;4
0;cpu-5;12071@kitt;5013;0.05;4
0;cpu-6;12071@kitt;5013;0.05;4
0;cpu-7;12071@kitt;5013;0.0;4
0;cpu-agg;12071@kitt;5213;0.08750000000000001;4
0;cpu-0;12071@kitt;5213;0.14285714285714285;4
0;cpu-1;12071@kitt;5213;0.1;4
0;cpu-2;12071@kitt;5213;0.05263157894736842;4
0;cpu-3;12071@kitt;5213;0.15000000000000002;4
0;cpu-4;12071@kitt;5213;0.09523809523809523;4
0;cpu-5;12071@kitt;5213;0.05263157894736842;4
0;cpu-6;12071@kitt;5213;0.09523809523809523;4
0;cpu-7;12071@kitt;5213;0.05;4
0;cpu-agg;12071@kitt;5413;0.05732484076433121;4
0;cpu-0;12071@kitt;5413;0.15000000000000002;4
0;cpu-1;12071@kitt;5413;0.05263157894736842;4
0;cpu-2;12071@kitt;5413;0.05;4
0;cpu-3;12071@kitt;5413;0.0;4
0;cpu-4;12071@kitt;5413;0.05;4
0;cpu-5;12071@kitt;5413;0.09523809523809523;4
0;cpu-6;12071@kitt;5413;0.0;4
0;cpu-7;12071@kitt;5413;0.1;4
0;cpu-agg;12071@kitt;5614;0.05660377358490566;4
0;cpu-0;12071@kitt;5614;0.05;4
0;cpu-1;12071@kitt;5614;0.05;4
0;cpu-2;12071@kitt;5614;0.05;4
0;cpu-3;12071@kitt;5614;0.05;4
0;cpu-4;12071@kitt;5614;0.0;4
0;cpu-5;12071@kitt;5614;0.1;4
0;cpu-6;12071@kitt;5614;0.0;4
0;cpu-7;12071@kitt;5614;0.09523809523809523;4
0;cpu-agg;12071@kitt;5814;0.06962025316455696;4
0;cpu-0;12071@kitt;5814;0.05263157894736842;4
0;cpu-1;12071@kitt;5814;0.1;4
0;cpu-2;12071@kitt;5814;0.15789473684210525;4
0;cpu-3;12071@kitt;5814;0.05263157894736842;4
0;cpu-4;12071@kitt;5814;0.0;4
0;cpu-5;12071@kitt;5814;0.05;4
0;cpu-6;12071@kitt;5814;0.1;4
0;cpu-7;12071@kitt;5814;0.09523809523809523;4
0;cpu-agg;12071@kitt;6015;0.13043478260869565;4
0;cpu-0;12071@kitt;6015;0.1;4
0;cpu-1;12071@kitt;6015;0.2;4
0;cpu-2;12071@kitt;6015;0.15;4
0;cpu-3;12071@kitt;6015;0.18181818181818182;4
0;cpu-4;12071@kitt;6015;0.0;4
0;cpu-5;12071@kitt;6015;0.15789473684210525;4
0;cpu-6;12071@kitt;6015;0.0;4
0;cpu-7;12071@kitt;6015;0.2;4
0;cpu-agg;12071@kitt;6215;0.08333333333333334;4
0;cpu-0;12071@kitt;6215;0.15000000000000002;4
0;cpu-1;12071@kitt;6215;0.10526315789473684;4
0;cpu-2;12071@kitt;6215;0.1;4
0;cpu-3;12071@kitt;6215;0.09523809523809523;4
0;cpu-4;12071@kitt;6215;0.05;4
0;cpu-5;12071@kitt;6215;0.15000000000000002;4
0;cpu-6;12071@kitt;6215;0.14285714285714285;4
0;cpu-7;12071@kitt;6215;0.0;4
0;cpu-agg;12071@kitt;6415;0.056962025316455694;4
0;cpu-0;12071@kitt;6415;0.05263157894736842;4
0;cpu-1;12071@kitt;6415;0.05263157894736842;4
0;cpu-2;12071@kitt;6415;0.05;4
0;cpu-3;12071@kitt;6415;0.05263157894736842;4
0;cpu-4;12071@kitt;6415;0.05;4
0;cpu-5;12071@kitt;6415;0.1;4
0;cpu-6;12071@kitt;6415;0.0;4
0;cpu-7;12071@kitt;6415;0.0;4
0;cpu-agg;12071@kitt;6616;0.06329113924050633;4
0;cpu-0;12071@kitt;6616;0.10526315789473684;4
0;cpu-1;12071@kitt;6616;0.05263157894736842;4
0;cpu-2;12071@kitt;6616;0.05263157894736842;4
0;cpu-3;12071@kitt;6616;0.15;4
0;cpu-4;12071@kitt;6616;0.05;4
0;cpu-5;12071@kitt;6616;0.05;4
0;cpu-6;12071@kitt;6616;0.0;4
0;cpu-7;12071@kitt;6616;0.0;4
0;cpu-agg;12071@kitt;6816;0.08750000000000001;4
0;cpu-0;12071@kitt;6816;0.19047619047619047;4
0;cpu-1;12071@kitt;6816;0.0;4
0;cpu-2;12071@kitt;6816;0.14285714285714285;4
0;cpu-3;12071@kitt;6816;0.14285714285714285;4
0;cpu-4;12071@kitt;6816;0.05;4
0;cpu-5;12071@kitt;6816;0.15000000000000002;4
0;cpu-6;12071@kitt;6816;0.05263157894736842;4
0;cpu-7;12071@kitt;6816;0.047619047619047616;4
0;cpu-agg;12071@kitt;7017;0.07692307692307691;4
0;cpu-0;12071@kitt;7017;0.10526315789473684;4
0;cpu-1;12071@kitt;7017;0.2;4
0;cpu-2;12071@kitt;7017;0.0;4
0;cpu-3;12071@kitt;7017;0.10526315789473684;4
0;cpu-4;12071@kitt;7017;0.05263157894736842;4
0;cpu-5;12071@kitt;7017;0.0;4
0;cpu-6;12071@kitt;7017;0.047619047619047616;4
0;cpu-7;12071@kitt;7017;0.05;4
0;cpu-agg;12071@kitt;7217;0.08750000000000001;4
0;cpu-0;12071@kitt;7217;0.15789473684210525;4
0;cpu-1;12071@kitt;7217;0.05;4
0;cpu-2;12071@kitt;7217;0.1;4
0;cpu-3;12071@kitt;7217;0.2;4
0;cpu-4;12071@kitt;7217;0.15000000000000002;4
0;cpu-5;12071@kitt;7217;0.09523809523809523;4
0;cpu-6;12071@kitt;7217;0.0;4
0;cpu-7;12071@kitt;7217;0.0;4
0;cpu-agg;12071@kitt;7417;0.0759493670886076;4
0;cpu-0;12071@kitt;7417;0.1;4
0;cpu-1;12071@kitt;7417;0.05263157894736842;4
0;cpu-2;12071@kitt;7417;0.1;4
0;cpu-3;12071@kitt;7417;0.10526315789473684;4
0;cpu-4;12071@kitt;7417;0.09523809523809523;4
0;cpu-5;12071@kitt;7417;0.05;4
0;cpu-6;12071@kitt;7417;0.05;4
0;cpu-7;12071@kitt;7417;0.0;4
0;cpu-agg;12071@kitt;7618;0.05095541401273885;4
0;cpu-0;12071@kitt;7618;0.1;4
0;cpu-1;12071@kitt;7618;0.1;4
0;cpu-2;12071@kitt;7618;0.1;4
0;cpu-3;12071@kitt;7618;0.05;4
0;cpu-4;12071@kitt;7618;0.0;4
0;cpu-5;12071@kitt;7618;0.0;4
0;cpu-6;12071@kitt;7618;0.05263157894736842;4
0;cpu-7;12071@kitt;7618;0.0;4
0;cpu-agg;12071@kitt;7818;0.06918238993710692;4
0;cpu-0;12071@kitt;7818;0.0;4
0;cpu-1;12071@kitt;7818;0.1;4
0;cpu-2;12071@kitt;7818;0.10526315789473684;4
0;cpu-3;12071@kitt;7818;0.05263157894736842;4
0;cpu-4;12071@kitt;7818;0.1;4
0;cpu-5;12071@kitt;7818;0.05;4
0;cpu-6;12071@kitt;7818;0.0;4
0;cpu-7;12071@kitt;7818;0.1;4
0;cpu-agg;12071@kitt;8019;0.10828025477707007;4
0;cpu-0;12071@kitt;8019;0.15789473684210525;4
0;cpu-1;12071@kitt;8019;0.15;4
0;cpu-2;12071@kitt;8019;0.2;4
0;cpu-3;12071@kitt;8019;0.15;4
0;cpu-4;12071@kitt;8019;0.09523809523809523;4
0;cpu-5;12071@kitt;8019;0.10526315789473684;4
0;cpu-6;12071@kitt;8019;0.0;4
0;cpu-7;12071@kitt;8019;0.0;4
0;cpu-agg;12071@kitt;8219;0.11875;4
0;cpu-0;12071@kitt;8219;0.2;4
0;cpu-1;12071@kitt;8219;0.10526315789473684;4
0;cpu-2;12071@kitt;8219;0.2;4
0;cpu-3;12071@kitt;8219;0.1;4
0;cpu-4;12071@kitt;8219;0.10526315789473684;4
0;cpu-5;12071@kitt;8219;0.047619047619047616;4
0;cpu-6;12071@kitt;8219;0.15;4
0;cpu-7;12071@kitt;8219;0.05;4
0;cpu-agg;12071@kitt;8419;0.09815950920245399;4
0;cpu-0;12071@kitt;8419;0.14285714285714285;4
0;cpu-1;12071@kitt;8419;0.09523809523809523;4
0;cpu-2;12071@kitt;8419;0.14285714285714285;4
0;cpu-3;12071@kitt;8419;0.1;4
0;cpu-4;12071@kitt;8419;0.09523809523809523;4
0;cpu-5;12071@kitt;8419;0.10526315789473684;4
0;cpu-6;12071@kitt;8419;0.05;4
0;cpu-7;12071@kitt;8419;0.05;4
0;cpu-agg;12071@kitt;8620;0.050955414012738856;4
0;cpu-0;12071@kitt;8620;0.0;4
0;cpu-1;12071@kitt;8620;0.0;4
0;cpu-2;12071@kitt;8620;0.15000000000000002;4
0;cpu-3;12071@kitt;8620;0.1;4
0;cpu-4;12071@kitt;8620;0.05;4
0;cpu-5;12071@kitt;8620;0.05;4
0;cpu-6;12071@kitt;8620;0.0;4
0;cpu-7;12071@kitt;8620;0.0;4
0;cpu-agg;12071@kitt;8820;0.09554140127388536;4
0;cpu-0;12071@kitt;8820;0.19047619047619047;4
0;cpu-1;12071@kitt;8820;0.0;4
0;cpu-2;12071@kitt;8820;0.05263157894736842;4
0;cpu-3;12071@kitt;8820;0.1;4
0;cpu-4;12071@kitt;8820;0.10526315789473684;4
0;cpu-5;12071@kitt;8820;0.2631578947368421;4
0;cpu-6;12071@kitt;8820;0.047619047619047616;4
0;cpu-7;12071@kitt;8820;0.05;4
0;cpu-agg;12071@kitt;9021;0.09032258064516129;4
0;cpu-0;12071@kitt;9021;0.05555555555555555;4
0;cpu-1;12071@kitt;9021;0.10526315789473684;4
0;cpu-2;12071@kitt;9021;0.14285714285714285;4
0;cpu-3;12071@kitt;9021;0.0;4
0;cpu-4;12071@kitt;9021;0.1;4
0;cpu-5;12071@kitt;9021;0.05263157894736842;4
0;cpu-6;12071@kitt;9021;0.0;4
0;cpu-7;12071@kitt;9021;0.19047619047619047;4
0;cpu-agg;12071@kitt;9221;0.08227848101265824;4
0;cpu-0;12071@kitt;9221;0.1;4
0;cpu-1;12071@kitt;9221;0.14285714285714285;4
0;cpu-2;12071@kitt;9221;0.1;4
0;cpu-3;12071@kitt;9221;0.14285714285714285;4
0;cpu-4;12071@kitt;9221;0.15789473684210525;4
0;cpu-5;12071@kitt;9221;0.0;4
0;cpu-6;12071@kitt;9221;0.05;4
0;cpu-7;12071@kitt;9221;0.0;4
0;cpu-agg;12071@kitt;9421;0.06962025316455696;4
0;cpu-0;12071@kitt;9421;0.15;4
0;cpu-1;12071@kitt;9421;0.05263157894736842;4
0;cpu-2;12071@kitt;9421;0.0;4
0;cpu-3;12071@kitt;9421;0.1;4
0;cpu-4;12071@kitt;9421;0.1;4
0;cpu-5;12071@kitt;9421;0.05;4
0;cpu-6;12071@kitt;9421;0.05;4
0;cpu-7;12071@kitt;9421;0.0;4
0;cpu-agg;12071@kitt;9622;0.06369426751592357;4
0;cpu-0;12071@kitt;9622;0.15000000000000002;4
0;cpu-1;12071@kitt;9622;0.058823529411764705;4
0;cpu-2;12071@kitt;9622;0.1;4
0;cpu-3;12071@kitt;9622;0.05;4
0;cpu-4;12071@kitt;9622;0.05;4
0;cpu-5;12071@kitt;9622;0.047619047619047616;4
0;cpu-6;12071@kitt;9622;0.05;4
0;cpu-7;12071@kitt;9622;0.047619047619047616;4
0;cpu-agg;12071@kitt;9822;0.08860759493670886;4
0;cpu-0;12071@kitt;9822;0.10526315789473684;4
0;cpu-1;12071@kitt;9822;0.1;4
0;cpu-2;12071@kitt;9822;0.05263157894736842;4
0;cpu-3;12071@kitt;9822;0.10526315789473684;4
0;cpu-4;12071@kitt;9822;0.09523809523809523;4
0;cpu-5;12071@kitt;9822;0.10526315789473684;4
0;cpu-6;12071@kitt;9822;0.1;4
0;cpu-7;12071@kitt;9822;0.0;4
0;cpu-agg;12071@kitt;10023;0.06369426751592357;4
0;cpu-0;12071@kitt;10023;0.15;4
0;cpu-1;12071@kitt;10023;0.19047619047619047;4
0;cpu-2;12071@kitt;10023;0.05;4
0;cpu-3;12071@kitt;10023;0.10526315789473684;4
0;cpu-4;12071@kitt;10023;0.05;4
0;cpu-5;12071@kitt;10023;0.05;4
0;cpu-6;12071@kitt;10023;0.0;4
0;cpu-7;12071@kitt;10023;0.0;4
0;cpu-agg;12071@kitt;10223;0.0641025641025641;4
0;cpu-0;12071@kitt;10223;0.05;4
0;cpu-1;12071@kitt;10223;0.05;4
0;cpu-2;12071@kitt;10223;0.10526315789473684;4
0;cpu-3;12071@kitt;10223;0.05;4
0;cpu-4;12071@kitt;10223;0.15000000000000002;4
0;cpu-5;12071@kitt;10223;0.05263157894736842;4
0;cpu-6;12071@kitt;10223;0.05263157894736842;4
0;cpu-7;12071@kitt;10223;0.0;4
0;cpu-agg;12071@kitt;10424;0.06918238993710692;4
0;cpu-0;12071@kitt;10424;0.10526315789473684;4
0;cpu-1;12071@kitt;10424;0.1;4
0;cpu-2;12071@kitt;10424;0.05263157894736842;4
0;cpu-3;12071@kitt;10424;0.05;4
0;cpu-4;12071@kitt;10424;0.0;4
0;cpu-5;12071@kitt;10424;0.05;4
0;cpu-6;12071@kitt;10424;0.0;4
0;cpu-7;12071@kitt;10424;0.05263157894736842;4
0;cpu-agg;12071@kitt;10624;0.07006369426751592;4
0;cpu-0;12071@kitt;10624;0.05;4
0;cpu-1;12071@kitt;10624;0.14285714285714285;4
0;cpu-2;12071@kitt;10624;0.14285714285714285;4
0;cpu-3;12071@kitt;10624;0.05263157894736842;4
0;cpu-4;12071@kitt;10624;0.0;4
0;cpu-5;12071@kitt;10624;0.23809523809523808;4
0;cpu-6;12071@kitt;10624;0.09523809523809523;4
0;cpu-7;12071@kitt;10624;0.0;4
0;cpu-agg;12071@kitt;10824;0.06875;4
0;cpu-0;12071@kitt;10824;0.05263157894736842;4
0;cpu-1;12071@kitt;10824;0.05263157894736842;4
0;cpu-2;12071@kitt;10824;0.1;4
0;cpu-3;12071@kitt;10824;0.05;4
0;cpu-4;12071@kitt;10824;0.0;4
0;cpu-5;12071@kitt;10824;0.10526315789473684;4
0;cpu-6;12071@kitt;10824;0.05;4
0;cpu-7;12071@kitt;10824;0.05;4
0;cpu-agg;12071@kitt;11025;0.08176100628930817;4
0;cpu-0;12071@kitt;11025;0.1;4
0;cpu-1;12071@kitt;11025;0.14285714285714285;4
0;cpu-2;12071@kitt;11025;0.19047619047619047;4
0;cpu-3;12071@kitt;11025;0.14285714285714285;4
0;cpu-4;12071@kitt;11025;0.0;4
0;cpu-5;12071@kitt;11025;0.0;4
0;cpu-6;12071@kitt;11025;0.05;4
0;cpu-7;12071@kitt;11025;0.05;4
0;cpu-agg;12071@kitt;11225;0.09615384615384615;4
0;cpu-0;12071@kitt;11225;0.05263157894736842;4
0;cpu-1;12071@kitt;11225;0.23809523809523808;4
0;cpu-2;12071@kitt;11225;0.15789473684210525;4
0;cpu-3;12071@kitt;11225;0.10526315789473684;4
0;cpu-4;12071@kitt;11225;0.15789473684210525;4
0;cpu-5;12071@kitt;11225;0.09090909090909091;4
0;cpu-6;12071@kitt;11225;0.0;4
0;cpu-7;12071@kitt;11225;0.0;4
0;cpu-agg;12071@kitt;11425;0.0641025641025641;4
0;cpu-0;12071@kitt;11425;0.05;4
0;cpu-1;12071@kitt;11425;0.05555555555555555;4
0;cpu-2;12071@kitt;11425;0.0;4
0;cpu-3;12071@kitt;11425;0.05;4
0;cpu-4;12071@kitt;11425;0.2;4
0;cpu-5;12071@kitt;11425;0.0;4
0;cpu-6;12071@kitt;11425;0.05;4
0;cpu-7;12071@kitt;11425;0.047619047619047616;4
0;cpu-agg;12071@kitt;11626;0.05095541401273885;4
0;cpu-0;12071@kitt;11626;0.09523809523809523;4
0;cpu-1;12071@kitt;11626;0.05;4
0;cpu-2;12071@kitt;11626;0.10526315789473684;4
0;cpu-3;12071@kitt;11626;0.05;4
0;cpu-4;12071@kitt;11626;0.05263157894736842;4
0;cpu-5;12071@kitt;11626;0.05;4
0;cpu-6;12071@kitt;11626;0.0;4
0;cpu-7;12071@kitt;11626;0.05;4
0;cpu-agg;12071@kitt;11826;0.08227848101265822;4
0;cpu-0;12071@kitt;11826;0.0;4
0;cpu-1;12071@kitt;11826;0.1111111111111111;4
0;cpu-2;12071@kitt;11826;0.14285714285714285;4
0;cpu-3;12071@kitt;11826;0.05263157894736842;4
0;cpu-4;12071@kitt;11826;0.047619047619047616;4
0;cpu-5;12071@kitt;11826;0.14285714285714285;4
0;cpu-6;12071@kitt;11826;0.09523809523809523;4
0;cpu-7;12071@kitt;11826;0.09523809523809523;4
0;cpu-agg;12071@kitt;12027;0.07547169811320754;4
0;cpu-0;12071@kitt;12027;0.2;4
0;cpu-1;12071@kitt;12027;0.1;4
0;cpu-2;12071@kitt;12027;0.05263157894736842;4
0;cpu-3;12071@kitt;12027;0.05;4
0;cpu-4;12071@kitt;12027;0.05;4
0;cpu-5;12071@kitt;12027;0.05;4
0;cpu-6;12071@kitt;12027;0.1;4
0;cpu-7;12071@kitt;12027;0.05;4
0;cpu-agg;12071@kitt;12227;0.0759493670886076;4
0;cpu-0;12071@kitt;12227;0.05263157894736842;4
0;cpu-1;12071@kitt;12227;0.09523809523809523;4
0;cpu-2;12071@kitt;12227;0.05;4
0;cpu-3;12071@kitt;12227;0.05263157894736842;4
0;cpu-4;12071@kitt;12227;0.0;4
0;cpu-5;12071@kitt;12227;0.05263157894736842;4
0;cpu-6;12071@kitt;12227;0.1;4
0;cpu-7;12071@kitt;12227;0.0;4
0;cpu-agg;12071@kitt;12427;0.0875;4
0;cpu-0;12071@kitt;12427;0.05263157894736842;4
0;cpu-1;12071@kitt;12427;0.14285714285714285;4
0;cpu-2;12071@kitt;12427;0.05;4
0;cpu-3;12071@kitt;12427;0.14285714285714285;4
0;cpu-4;12071@kitt;12427;0.05263157894736842;4
0;cpu-5;12071@kitt;12427;0.05;4
0;cpu-6;12071@kitt;12427;0.15000000000000002;4
0;cpu-7;12071@kitt;12427;0.05;4
0;cpu-agg;12071@kitt;12628;0.0975609756097561;4
0;cpu-0;12071@kitt;12628;0.15;4
0;cpu-1;12071@kitt;12628;0.05;4
0;cpu-2;12071@kitt;12628;0.2272727272727273;4
0;cpu-3;12071@kitt;12628;0.05263157894736842;4
0;cpu-4;12071@kitt;12628;0.09523809523809523;4
0;cpu-5;12071@kitt;12628;0.1;4
0;cpu-6;12071@kitt;12628;0.13636363636363635;4
0;cpu-7;12071@kitt;12628;0.05;4
0;cpu-agg;12071@kitt;12828;0.10126582278481013;4
0;cpu-0;12071@kitt;12828;0.15;4
0;cpu-1;12071@kitt;12828;0.15;4
0;cpu-2;12071@kitt;12828;0.10526315789473684;4
0;cpu-3;12071@kitt;12828;0.1;4
0;cpu-4;12071@kitt;12828;0.0;4
0;cpu-5;12071@kitt;12828;0.2;4
0;cpu-6;12071@kitt;12828;0.0;4
0;cpu-7;12071@kitt;12828;0.05;4
0;cpu-agg;12071@kitt;13028;0.08750000000000001;4
0;cpu-0;12071@kitt;13028;0.05;4
0;cpu-1;12071@kitt;13028;0.05;4
0;cpu-2;12071@kitt;13028;0.18181818181818182;4
0;cpu-3;12071@kitt;13028;0.2;4
0;cpu-4;12071@kitt;13028;0.1;4
0;cpu-5;12071@kitt;13028;0.05;4
0;cpu-6;12071@kitt;13028;0.0;4
0;cpu-7;12071@kitt;13028;0.05;4
0;cpu-agg;12071@kitt;13229;0.06451612903225806;4
0;cpu-0;12071@kitt;13229;0.05263157894736842;4
0;cpu-1;12071@kitt;13229;0.10526315789473684;4
0;cpu-2;12071@kitt;13229;0.05263157894736842;4
0;cpu-3;12071@kitt;13229;0.05;4
0;cpu-4;12071@kitt;13229;0.05;4
0;cpu-5;12071@kitt;13229;0.05263157894736842;4
0;cpu-6;12071@kitt;13229;0.15789473684210525;4
0;cpu-7;12071@kitt;13229;0.0;4
0;cpu-agg;12071@kitt;13429;0.05732484076433121;4
0;cpu-0;12071@kitt;13429;0.05263157894736842;4
0;cpu-1;12071@kitt;13429;0.05263157894736842;4
0;cpu-2;12071@kitt;13429;0.0;4
0;cpu-3;12071@kitt;13429;0.0;4
0;cpu-4;12071@kitt;13429;0.05;4
0;cpu-5;12071@kitt;13429;0.09523809523809523;4
0;cpu-6;12071@kitt;13429;0.1;4
0;cpu-7;12071@kitt;13429;0.0;4
0;cpu-agg;12071@kitt;13630;0.07547169811320754;4
0;cpu-0;12071@kitt;13630;0.05263157894736842;4
0;cpu-1;12071@kitt;13630;0.14285714285714285;4
0;cpu-2;12071@kitt;13630;0.19047619047619047;4
0;cpu-3;12071@kitt;13630;0.09523809523809523;4
0;cpu-4;12071@kitt;13630;0.05;4
0;cpu-5;12071@kitt;13630;0.0;4
0;cpu-6;12071@kitt;13630;0.05263157894736842;4
0;cpu-7;12071@kitt;13630;0.0;4
0;cpu-agg;12071@kitt;13830;0.06329113924050633;4
0;cpu-0;12071@kitt;13830;0.15000000000000002;4
0;cpu-1;12071@kitt;13830;0.05263157894736842;4
0;cpu-2;12071@kitt;13830;0.09523809523809523;4
0;cpu-3;12071@kitt;13830;0.0;4
0;cpu-4;12071@kitt;13830;0.05;4
0;cpu-5;12071@kitt;13830;0.14285714285714285;4
0;cpu-6;12071@kitt;13830;0.05263157894736842;4
0;cpu-7;12071@kitt;13830;0.0;4
0;cpu-agg;12071@kitt;14030;0.14465408805031446;4
0;cpu-0;12071@kitt;14030;0.25;4
0;cpu-1;12071@kitt;14030;0.2777777777777778;4
0;cpu-2;12071@kitt;14030;0.0;4
0;cpu-3;12071@kitt;14030;0.1;4
0;cpu-4;12071@kitt;14030;0.2727272727272727;4
0;cpu-5;12071@kitt;14030;0.05263157894736842;4
0;cpu-6;12071@kitt;14030;0.09523809523809523;4
0;cpu-7;12071@kitt;14030;0.13043478260869565;4
0;cpu-agg;12071@kitt;14231;0.7898089171974523;4
0;cpu-0;12071@kitt;14231;0.7142857142857143;4
0;cpu-1;12071@kitt;14231;0.9;4
0;cpu-2;12071@kitt;14231;0.7368421052631579;4
0;cpu-3;12071@kitt;14231;0.8421052631578947;4
0;cpu-4;12071@kitt;14231;0.7894736842105263;4
0;cpu-5;12071@kitt;14231;0.8;4
0;cpu-6;12071@kitt;14231;0.75;4
0;cpu-7;12071@kitt;14231;0.7894736842105263;4
0;cpu-agg;12071@kitt;14431;0.4585987261146497;4
0;cpu-0;12071@kitt;14431;0.3888888888888889;4
0;cpu-1;12071@kitt;14431;0.42105263157894735;4
0;cpu-2;12071@kitt;14431;0.4;4
0;cpu-3;12071@kitt;14431;0.9523809523809523;4
0;cpu-4;12071@kitt;14431;0.3684210526315789;4
0;cpu-5;12071@kitt;14431;0.35;4
0;cpu-6;12071@kitt;14431;0.35;4
0;cpu-7;12071@kitt;14431;0.3684210526315789;4
0;cpu-agg;12071@kitt;14631;0.7073170731707317;4
0;cpu-0;12071@kitt;14631;0.9047619047619047;4
0;cpu-1;12071@kitt;14631;0.6842105263157895;4
0;cpu-2;12071@kitt;14631;0.5714285714285714;4
0;cpu-3;12071@kitt;14631;0.8571428571428571;4
0;cpu-4;12071@kitt;14631;0.8095238095238095;4
0;cpu-5;12071@kitt;14631;0.6666666666666666;4
0;cpu-6;12071@kitt;14631;0.65;4
0;cpu-7;12071@kitt;14631;0.5238095238095238;4
0;cpu-agg;12071@kitt;14832;0.425;4
0;cpu-0;12071@kitt;14832;0.3;4
0;cpu-1;12071@kitt;14832;1.0;4
0;cpu-2;12071@kitt;14832;0.35;4
0;cpu-3;12071@kitt;14832;0.35;4
0;cpu-4;12071@kitt;14832;0.3684210526315789;4
0;cpu-5;12071@kitt;14832;0.35;4
0;cpu-6;12071@kitt;14832;0.3;4
0;cpu-7;12071@kitt;14832;0.3157894736842105;4
0;cpu-agg;12071@kitt;15032;0.5641025641025641;4
0;cpu-0;12071@kitt;15032;0.631578947368421;4
0;cpu-1;12071@kitt;15032;0.7;4
0;cpu-2;12071@kitt;15032;0.631578947368421;4
0;cpu-3;12071@kitt;15032;0.5714285714285714;4
0;cpu-4;12071@kitt;15032;0.5714285714285714;4
0;cpu-5;12071@kitt;15032;0.5263157894736842;4
0;cpu-6;12071@kitt;15032;0.5;4
0;cpu-7;12071@kitt;15032;0.45;4
0;cpu-agg;12071@kitt;15232;0.125;4
0;cpu-0;12071@kitt;15232;0.15;4
0;cpu-1;12071@kitt;15232;0.36363636363636365;4
0;cpu-2;12071@kitt;15232;0.1;4
0;cpu-3;12071@kitt;15232;0.05263157894736842;4
0;cpu-4;12071@kitt;15232;0.09523809523809523;4
0;cpu-5;12071@kitt;15232;0.0;4
0;cpu-6;12071@kitt;15232;0.19047619047619047;4
0;cpu-7;12071@kitt;15232;0.05263157894736842;4
0;cpu-agg;12071@kitt;15433;0.08125;4
0;cpu-0;12071@kitt;15433;0.10526315789473684;4
0;cpu-1;12071@kitt;15433;0.10526315789473684;4
0;cpu-2;12071@kitt;15433;0.09523809523809523;4
0;cpu-3;12071@kitt;15433;0.09523809523809523;4
0;cpu-4;12071@kitt;15433;0.05;4
0;cpu-5;12071@kitt;15433;0.09523809523809523;4
0;cpu-6;12071@kitt;15433;0.0;4
0;cpu-7;12071@kitt;15433;0.0;4
0;cpu-agg;12071@kitt;15633;0.12738853503184713;4
0;cpu-0;12071@kitt;15633;0.05263157894736842;4
0;cpu-1;12071@kitt;15633;0.05263157894736842;4
0;cpu-2;12071@kitt;15633;0.05263157894736842;4
0;cpu-3;12071@kitt;15633;0.1;4
0;cpu-4;12071@kitt;15633;0.05;4
0;cpu-5;12071@kitt;15633;0.10526315789473684;4
0;cpu-6;12071@kitt;15633;0.09523809523809523;4
0;cpu-7;12071@kitt;15633;0.55;4
0;cpu-agg;12071@kitt;15833;0.8187500000000001;4
0;cpu-0;12071@kitt;15833;0.7894736842105263;4
0;cpu-1;12071@kitt;15833;0.8947368421052632;4
0;cpu-2;12071@kitt;15833;0.8;4
0;cpu-3;12071@kitt;15833;0.8;4
0;cpu-4;12071@kitt;15833;0.7894736842105263;4
0;cpu-5;12071@kitt;15833;0.8421052631578947;4
0;cpu-6;12071@kitt;15833;0.8;4
0;cpu-7;12071@kitt;15833;0.9473684210526315;4
0;cpu-agg;12071@kitt;16034;0.4658385093167702;4
0;cpu-0;12071@kitt;16034;0.47619047619047616;4
0;cpu-1;12071@kitt;16034;0.95;4
0;cpu-2;12071@kitt;16034;0.42857142857142855;4
0;cpu-3;12071@kitt;16034;0.38095238095238093;4
0;cpu-4;12071@kitt;16034;0.38095238095238093;4
0;cpu-5;12071@kitt;16034;0.35;4
0;cpu-6;12071@kitt;16034;0.35;4
0;cpu-7;12071@kitt;16034;0.42857142857142855;4
0;cpu-agg;12071@kitt;16234;0.18354430379746836;4
0;cpu-0;12071@kitt;16234;0.3;4
0;cpu-1;12071@kitt;16234;0.15;4
0;cpu-2;12071@kitt;16234;0.42105263157894735;4
0;cpu-3;12071@kitt;16234;0.25;4
0;cpu-4;12071@kitt;16234;0.1;4
0;cpu-5;12071@kitt;16234;0.10526315789473684;4
0;cpu-6;12071@kitt;16234;0.10526315789473684;4
0;cpu-7;12071@kitt;16234;0.0;4
0;cpu-agg;12071@kitt;16434;0.15286624203821655;4
0;cpu-0;12071@kitt;16434;0.65;4
0;cpu-1;12071@kitt;16434;0.15;4
0;cpu-2;12071@kitt;16434;0.05263157894736842;4
0;cpu-3;12071@kitt;16434;0.05263157894736842;4
0;cpu-4;12071@kitt;16434;0.15;4
0;cpu-5;12071@kitt;16434;0.0;4
0;cpu-6;12071@kitt;16434;0.1;4
0;cpu-7;12071@kitt;16434;0.05;4
0;cpu-agg;12071@kitt;16635;0.11538461538461539;4
0;cpu-0;12071@kitt;16635;0.05263157894736842;4
0;cpu-1;12071@kitt;16635;0.2;4
0;cpu-2;12071@kitt;16635;0.0;4
0;cpu-3;12071@kitt;16635;0.05263157894736842;4
0;cpu-4;12071@kitt;16635;0.42857142857142855;4
0;cpu-5;12071@kitt;16635;0.05;4
0;cpu-6;12071@kitt;16635;0.1;4
0;cpu-7;12071@kitt;16635;0.05263157894736842;4
0;cpu-agg;12071@kitt;16835;0.19135802469135801;4
0;cpu-0;12071@kitt;16835;0.2857142857142857;4
0;cpu-1;12071@kitt;16835;0.16666666666666666;4
0;cpu-2;12071@kitt;16835;0.19047619047619047;4
0;cpu-3;12071@kitt;16835;0.22727272727272727;4
0;cpu-4;12071@kitt;16835;0.10526315789473684;4
0;cpu-5;12071@kitt;16835;0.2;4
0;cpu-6;12071@kitt;16835;0.2857142857142857;4
0;cpu-7;12071@kitt;16835;0.09523809523809523;4
0;cpu-agg;12071@kitt;17035;0.17721518987341772;4
0;cpu-0;12071@kitt;17035;0.2;4
0;cpu-1;12071@kitt;17035;0.38095238095238093;4
0;cpu-2;12071@kitt;17035;0.3157894736842105;4
0;cpu-3;12071@kitt;17035;0.15789473684210525;4
0;cpu-4;12071@kitt;17035;0.0;4
0;cpu-5;12071@kitt;17035;0.3;4
0;cpu-6;12071@kitt;17035;0.0;4
0;cpu-7;12071@kitt;17035;0.0;4
0;cpu-agg;12071@kitt;17235;0.0880503144654088;4
0;cpu-0;12071@kitt;17235;0.15789473684210525;4
0;cpu-1;12071@kitt;17235;0.05;4
0;cpu-2;12071@kitt;17235;0.23809523809523808;4
0;cpu-3;12071@kitt;17235;0.15000000000000002;4
0;cpu-4;12071@kitt;17235;0.0;4
0;cpu-5;12071@kitt;17235;0.05;4
0;cpu-6;12071@kitt;17235;0.0;4
0;cpu-7;12071@kitt;17235;0.047619047619047616;4
0;cpu-agg;12071@kitt;17436;0.05128205128205128;4
0;cpu-0;12071@kitt;17436;0.10526315789473684;4
0;cpu-1;12071@kitt;17436;0.0;4
0;cpu-2;12071@kitt;17436;0.0;4
0;cpu-3;12071@kitt;17436;0.05;4
0;cpu-4;12071@kitt;17436;0.05;4
0;cpu-5;12071@kitt;17436;0.0;4
0;cpu-6;12071@kitt;17436;0.0;4
0;cpu-7;12071@kitt;17436;0.15;4
0;cpu-agg;12071@kitt;17636;0.05128205128205128;4
0;cpu-0;12071@kitt;17636;0.05263157894736842;4
0;cpu-1;12071@kitt;17636;0.05263157894736842;4
0;cpu-2;12071@kitt;17636;0.05263157894736842;4
0;cpu-3;12071@kitt;17636;0.05;4
0;cpu-4;12071@kitt;17636;0.0;4
0;cpu-5;12071@kitt;17636;0.0;4
0;cpu-6;12071@kitt;17636;0.0;4
0;cpu-7;12071@kitt;17636;0.14285714285714285;4
0;cpu-agg;12071@kitt;17837;0.13043478260869565;4
0;cpu-0;12071@kitt;17837;0.39999999999999997;4
0;cpu-1;12071@kitt;17837;0.15;4
0;cpu-2;12071@kitt;17837;0.19047619047619047;4
0;cpu-3;12071@kitt;17837;0.1;4
0;cpu-4;12071@kitt;17837;0.05;4
0;cpu-5;12071@kitt;17837;0.1;4
0;cpu-6;12071@kitt;17837;0.09523809523809523;4
0;cpu-7;12071@kitt;17837;0.09523809523809523;4
0;cpu-agg;12071@kitt;18037;0.08860759493670886;4
0;cpu-0;12071@kitt;18037;0.05;4
0;cpu-1;12071@kitt;18037;0.1111111111111111;4
0;cpu-2;12071@kitt;18037;0.15000000000000002;4
0;cpu-3;12071@kitt;18037;0.19047619047619047;4
0;cpu-4;12071@kitt;18037;0.05;4
0;cpu-5;12071@kitt;18037;0.05263157894736842;4
0;cpu-6;12071@kitt;18037;0.09523809523809523;4
0;cpu-7;12071@kitt;18037;0.0;4
0;cpu-agg;12071@kitt;18237;0.0875;4
0;cpu-0;12071@kitt;18237;0.1;4
0;cpu-1;12071@kitt;18237;0.1;4
0;cpu-2;12071@kitt;18237;0.1;4
0;cpu-3;12071@kitt;18237;0.05263157894736842;4
0;cpu-4;12071@kitt;18237;0.09523809523809523;4
0;cpu-5;12071@kitt;18237;0.09523809523809523;4
0;cpu-6;12071@kitt;18237;0.1;4
0;cpu-7;12071@kitt;18237;0.05;4
0;cpu-agg;12071@kitt;18438;0.06918238993710692;4
0;cpu-0;12071@kitt;18438;0.0;4
0;cpu-1;12071@kitt;18438;0.0;4
0;cpu-2;12071@kitt;18438;0.09523809523809523;4
0;cpu-3;12071@kitt;18438;0.15000000000000002;4
0;cpu-4;12071@kitt;18438;0.05;4
0;cpu-5;12071@kitt;18438;0.09523809523809523;4
0;cpu-6;12071@kitt;18438;0.0;4
0;cpu-7;12071@kitt;18438;0.0;4
0;cpu-agg;12071@kitt;18638;0.06451612903225806;4
0;cpu-0;12071@kitt;18638;0.3157894736842105;4
0;cpu-1;12071@kitt;18638;0.05263157894736842;4
0;cpu-2;12071@kitt;18638;0.05;4
0;cpu-3;12071@kitt;18638;0.05;4
0;cpu-4;12071@kitt;18638;0.05263157894736842;4
0;cpu-5;12071@kitt;18638;0.0;4
0;cpu-6;12071@kitt;18638;0.0;4
0;cpu-7;12071@kitt;18638;0.0;4
0;cpu-agg;12071@kitt;18839;0.1962025316455696;4
0;cpu-0;12071@kitt;18839;0.2857142857142857;4
0;cpu-1;12071@kitt;18839;0.35;4
0;cpu-2;12071@kitt;18839;0.15;4
0;cpu-3;12071@kitt;18839;0.05555555555555555;4
0;cpu-4;12071@kitt;18839;0.0;4
0;cpu-5;12071@kitt;18839;0.10526315789473684;4
0;cpu-6;12071@kitt;18839;0.1;4
0;cpu-7;12071@kitt;18839;0.42857142857142855;4
0;cpu-agg;12071@kitt;19039;0.07692307692307693;4
0;cpu-0;12071@kitt;19039;0.19047619047619047;4
0;cpu-1;12071@kitt;19039;0.15000000000000002;4
0;cpu-2;12071@kitt;19039;0.05263157894736842;4
0;cpu-3;12071@kitt;19039;0.2;4
0;cpu-4;12071@kitt;19039;0.10526315789473684;4
0;cpu-5;12071@kitt;19039;0.13636363636363635;4
0;cpu-6;12071@kitt;19039;0.0;4
0;cpu-7;12071@kitt;19039;0.0;4
0;cpu-agg;12071@kitt;19239;0.14457831325301204;4
0;cpu-0;12071@kitt;19239;0.10526315789473684;4
0;cpu-1;12071@kitt;19239;0.3;4
0;cpu-2;12071@kitt;19239;0.22727272727272727;4
0;cpu-3;12071@kitt;19239;0.17391304347826086;4
0;cpu-4;12071@kitt;19239;0.05;4
0;cpu-5;12071@kitt;19239;0.05263157894736842;4
0;cpu-6;12071@kitt;19239;0.09523809523809523;4
0;cpu-7;12071@kitt;19239;0.05;4
0;cpu-agg;12071@kitt;19440;0.05732484076433121;4
0;cpu-0;12071@kitt;19440;0.05;4
0;cpu-1;12071@kitt;19440;0.047619047619047616;4
0;cpu-2;12071@kitt;19440;0.1;4
0;cpu-3;12071@kitt;19440;0.15789473684210525;4
0;cpu-4;12071@kitt;19440;0.0;4
0;cpu-5;12071@kitt;19440;0.0;4
0;cpu-6;12071@kitt;19440;0.05263157894736842;4
0;cpu-7;12071@kitt;19440;0.0;4
0;cpu-agg;12071@kitt;19640;0.06918238993710692;4
0;cpu-0;12071@kitt;19640;0.15000000000000002;4
0;cpu-1;12071@kitt;19640;0.0;4
0;cpu-2;12071@kitt;19640;0.14285714285714285;4
0;cpu-3;12071@kitt;19640;0.05263157894736842;4
0;cpu-4;12071@kitt;19640;0.09523809523809523;4
0;cpu-5;12071@kitt;19640;0.0;4
0;cpu-6;12071@kitt;19640;0.05263157894736842;4
0;cpu-7;12071@kitt;19640;0.05;4
0;cpu-agg;12071@kitt;19840;0.08695652173913043;4
0;cpu-0;12071@kitt;19840;0.1;4
0;cpu-1;12071@kitt;19840;0.09523809523809523;4
0;cpu-2;12071@kitt;19840;0.14285714285714285;4
0;cpu-3;12071@kitt;19840;0.15;4
0;cpu-4;12071@kitt;19840;0.0;4
0;cpu-5;12071@kitt;19840;0.05;4
0;cpu-6;12071@kitt;19840;0.1;4
0;cpu-7;12071@kitt;19840;0.09523809523809523;4
0;cpu-agg;12071@kitt;20041;0.09433962264150943;4
0;cpu-0;12071@kitt;20041;0.05263157894736842;4
0;cpu-1;12071@kitt;20041;0.15789473684210525;4
0;cpu-2;12071@kitt;20041;0.1;4
0;cpu-3;12071@kitt;20041;0.23809523809523808;4
0;cpu-4;12071@kitt;20041;0.1;4
0;cpu-5;12071@kitt;20041;0.0;4
0;cpu-6;12071@kitt;20041;0.0;4
0;cpu-7;12071@kitt;20041;0.05;4
0;cpu-agg;12071@kitt;20241;0.09316770186335405;4
0;cpu-0;12071@kitt;20241;0.15000000000000002;4
0;cpu-1;12071@kitt;20241;0.14285714285714285;4
0;cpu-2;12071@kitt;20241;0.1111111111111111;4
0;cpu-3;12071@kitt;20241;0.10526315789473684;4
0;cpu-4;12071@kitt;20241;0.047619047619047616;4
0;cpu-5;12071@kitt;20241;0.14285714285714285;4
0;cpu-6;12071@kitt;20241;0.0;4
0;cpu-7;12071@kitt;20241;0.0;4
0;cpu-agg;12071@kitt;20442;0.07006369426751592;4
0;cpu-0;12071@kitt;20442;0.15;4
0;cpu-1;12071@kitt;20442;0.14285714285714285;4
0;cpu-2;12071@kitt;20442;0.0;4
0;cpu-3;12071@kitt;20442;0.10526315789473684;4
0;cpu-4;12071@kitt;20442;0.05263157894736842;4
0;cpu-5;12071@kitt;20442;0.0;4
0;cpu-6;12071@kitt;20442;0.05;4
0;cpu-7;12071@kitt;20442;0.05;4
0;cpu-agg;12071@kitt;20642;0.0445859872611465;4
0;cpu-0;12071@kitt;20642;0.1;4
0;cpu-1;12071@kitt;20642;0.1;4
0;cpu-2;12071@kitt;20642;0.05;4
0;cpu-3;12071@kitt;20642;0.1;4
0;cpu-4;12071@kitt;20642;0.0;4
0;cpu-5;12071@kitt;20642;0.05;4
0;cpu-6;12071@kitt;20642;0.0;4
0;cpu-7;12071@kitt;20642;0.0;4
0;cpu-agg;12071@kitt;20842;0.1125;4
0;cpu-0;12071@kitt;20842;0.14285714285714285;4
0;cpu-1;12071@kitt;20842;0.05;4
0;cpu-2;12071@kitt;20842;0.05263157894736842;4
0;cpu-3;12071@kitt;20842;0.1;4
0;cpu-4;12071@kitt;20842;0.19047619047619047;4
0;cpu-5;12071@kitt;20842;0.05263157894736842;4
0;cpu-6;12071@kitt;20842;0.05;4
0;cpu-7;12071@kitt;20842;0.2857142857142857;4
0;cpu-agg;12071@kitt;21043;0.03225806451612903;4
0;cpu-0;12071@kitt;21043;0.10526315789473684;4
0;cpu-1;12071@kitt;21043;0.05263157894736842;4
0;cpu-2;12071@kitt;21043;0.10526315789473684;4
0;cpu-3;12071@kitt;21043;0.0;4
0;cpu-4;12071@kitt;21043;0.047619047619047616;4
0;cpu-5;12071@kitt;21043;0.0;4
0;cpu-6;12071@kitt;21043;0.0;4
0;cpu-7;12071@kitt;21043;0.0;4
0;cpu-agg;12071@kitt;21243;0.13125;4
0;cpu-0;12071@kitt;21243;0.3157894736842105;4
0;cpu-1;12071@kitt;21243;0.1;4
0;cpu-2;12071@kitt;21243;0.2;4
0;cpu-3;12071@kitt;21243;0.05263157894736842;4
0;cpu-4;12071@kitt;21243;0.05555555555555555;4
0;cpu-5;12071@kitt;21243;0.0;4
0;cpu-6;12071@kitt;21243;0.0;4
0;cpu-7;12071@kitt;21243;0.1;4
0;cpu-agg;12071@kitt;21444;0.12738853503184713;4
0;cpu-0;12071@kitt;21444;0.1;4
0;cpu-1;12071@kitt;21444;0.25;4
0;cpu-2;12071@kitt;21444;0.10526315789473684;4
0;cpu-3;12071@kitt;21444;0.14285714285714285;4
0;cpu-4;12071@kitt;21444;0.39999999999999997;4
0;cpu-5;12071@kitt;21444;0.09090909090909091;4
0;cpu-6;12071@kitt;21444;0.05;4
0;cpu-7;12071@kitt;21444;0.0;4
0;cpu-agg;12071@kitt;21644;0.1032258064516129;4
0;cpu-0;12071@kitt;21644;0.1111111111111111;4
0;cpu-1;12071@kitt;21644;0.19047619047619047;4
0;cpu-2;12071@kitt;21644;0.1;4
0;cpu-3;12071@kitt;21644;0.25;4
0;cpu-4;12071@kitt;21644;0.17647058823529413;4
0;cpu-5;12071@kitt;21644;0.0;4
0;cpu-6;12071@kitt;21644;0.0;4
0;cpu-7;12071@kitt;21644;0.0;4
0;cpu-agg;12071@kitt;21844;0.1464968152866242;4
0;cpu-0;12071@kitt;21844;0.2;4
0;cpu-1;12071@kitt;21844;0.058823529411764705;4
0;cpu-2;12071@kitt;21844;0.14285714285714285;4
0;cpu-3;12071@kitt;21844;0.14285714285714285;4
0;cpu-4;12071@kitt;21844;0.4;4
0;cpu-5;12071@kitt;21844;0.05263157894736842;4
0;cpu-6;12071@kitt;21844;0.09523809523809523;4
0;cpu-7;12071@kitt;21844;0.05263157894736842;4
0;cpu-agg;12071@kitt;22045;0.07142857142857142;4
0;cpu-0;12071@kitt;22045;0.15789473684210525;4
0;cpu-1;12071@kitt;22045;0.14285714285714285;4
0;cpu-2;12071@kitt;22045;0.10526315789473684;4
0;cpu-3;12071@kitt;22045;0.10526315789473684;4
0;cpu-4;12071@kitt;22045;0.05263157894736842;4
0;cpu-5;12071@kitt;22045;0.0;4
0;cpu-6;12071@kitt;22045;0.05;4
0;cpu-7;12071@kitt;22045;0.0;4
0;cpu-agg;12071@kitt;22245;0.07643312101910828;4
0;cpu-0;12071@kitt;22245;0.15;4
0;cpu-1;12071@kitt;22245;0.10526315789473684;4
0;cpu-2;12071@kitt;22245;0.05263157894736842;4
0;cpu-3;12071@kitt;22245;0.15000000000000002;4
0;cpu-4;12071@kitt;22245;0.0;4
0;cpu-5;12071@kitt;22245;0.0;4
0;cpu-6;12071@kitt;22245;0.05;4
0;cpu-7;12071@kitt;22245;0.047619047619047616;4
0;cpu-agg;12071@kitt;22445;0.07006369426751592;4
0;cpu-0;12071@kitt;22445;0.15000000000000002;4
0;cpu-1;12071@kitt;22445;0.05263157894736842;4
0;cpu-2;12071@kitt;22445;0.1;4
0;cpu-3;12071@kitt;22445;0.10526315789473684;4
0;cpu-4;12071@kitt;22445;0.0;4
0;cpu-5;12071@kitt;22445;0.0;4
0;cpu-6;12071@kitt;22445;0.09523809523809523;4
0;cpu-7;12071@kitt;22445;0.05;4
0;cpu-agg;12071@kitt;22646;0.08280254777070063;4
0;cpu-0;12071@kitt;22646;0.3157894736842105;4
0;cpu-1;12071@kitt;22646;0.1;4
0;cpu-2;12071@kitt;22646;0.05263157894736842;4
0;cpu-3;12071@kitt;22646;0.05263157894736842;4
0;cpu-4;12071@kitt;22646;0.1;4
0;cpu-5;12071@kitt;22646;0.0;4
0;cpu-6;12071@kitt;22646;0.0;4
0;cpu-7;12071@kitt;22646;0.0;4
0;cpu-agg;12071@kitt;22846;0.0625;4
0;cpu-0;12071@kitt;22846;0.1;4
0;cpu-1;12071@kitt;22846;0.18181818181818182;4
0;cpu-2;12071@kitt;22846;0.09523809523809523;4
0;cpu-3;12071@kitt;22846;0.1;4
0;cpu-4;12071@kitt;22846;0.0;4
0;cpu-5;12071@kitt;22846;0.0;4
0;cpu-6;12071@kitt;22846;0.0;4
0;cpu-7;12071@kitt;22846;0.05;4
0;cpu-agg;12071@kitt;23047;0.14465408805031446;4
0;cpu-0;12071@kitt;23047;0.09523809523809523;4
0;cpu-1;12071@kitt;23047;0.5263157894736842;4
0;cpu-2;12071@kitt;23047;0.15;4
0;cpu-3;12071@kitt;23047;0.15000000000000002;4
0;cpu-4;12071@kitt;23047;0.09523809523809523;4
0;cpu-5;12071@kitt;23047;0.05;4
0;cpu-6;12071@kitt;23047;0.05;4
0;cpu-7;12071@kitt;23047;0.0;4
0;cpu-agg;12071@kitt;23247;0.4871794871794872;4
0;cpu-0;12071@kitt;23247;0.4;4
0;cpu-1;12071@kitt;23247;0.894736842105263;4
0;cpu-2;12071@kitt;23247;0.47368421052631576;4
0;cpu-3;12071@kitt;23247;0.6000000000000001;4
0;cpu-4;12071@kitt;23247;0.42105263157894735;4
0;cpu-5;12071@kitt;23247;0.47368421052631576;4
0;cpu-6;12071@kitt;23247;0.3;4
0;cpu-7;12071@kitt;23247;0.3157894736842105;4
0;cpu-agg;12071@kitt;23447;0.55625;4
0;cpu-0;12071@kitt;23447;0.5789473684210527;4
0;cpu-1;12071@kitt;23447;0.47619047619047616;4
0;cpu-2;12071@kitt;23447;0.5;4
0;cpu-3;12071@kitt;23447;1.0;4
0;cpu-4;12071@kitt;23447;0.5;4
0;cpu-5;12071@kitt;23447;0.45;4
0;cpu-6;12071@kitt;23447;0.47368421052631576;4
0;cpu-7;12071@kitt;23447;0.5;4
0;cpu-agg;12071@kitt;23647;0.5487804878048781;4
0;cpu-0;12071@kitt;23647;0.45;4
0;cpu-1;12071@kitt;23647;0.5238095238095237;4
0;cpu-2;12071@kitt;23647;0.7272727272727272;4
0;cpu-3;12071@kitt;23647;0.7272727272727273;4
0;cpu-4;12071@kitt;23647;0.55;4
0;cpu-5;12071@kitt;23647;0.47619047619047616;4
0;cpu-6;12071@kitt;23647;0.45;4
0;cpu-7;12071@kitt;23647;0.45;4
0;cpu-agg;12071@kitt;23848;0.22012578616352202;4
0;cpu-0;12071@kitt;23848;0.25;4
0;cpu-1;12071@kitt;23848;0.15789473684210525;4
0;cpu-2;12071@kitt;23848;0.10526315789473684;4
0;cpu-3;12071@kitt;23848;0.3333333333333333;4
0;cpu-4;12071@kitt;23848;0.42105263157894735;4
0;cpu-5;12071@kitt;23848;0.0;4
0;cpu-6;12071@kitt;23848;0.14285714285714285;4
0;cpu-7;12071@kitt;23848;0.3181818181818182;4
0;cpu-agg;12071@kitt;24048;0.057692307692307696;4
0;cpu-0;12071@kitt;24048;0.10526315789473684;4
0;cpu-1;12071@kitt;24048;0.05263157894736842;4
0;cpu-2;12071@kitt;24048;0.14285714285714285;4
0;cpu-3;12071@kitt;24048;0.10526315789473684;4
0;cpu-4;12071@kitt;24048;0.0;4
0;cpu-5;12071@kitt;24048;0.05;4
0;cpu-6;12071@kitt;24048;0.05263157894736842;4
0;cpu-7;12071@kitt;24048;0.0;4
0;cpu-agg;12071@kitt;24249;0.10625;4
0;cpu-0;12071@kitt;24249;0.15;4
0;cpu-1;12071@kitt;24249;0.1;4
0;cpu-2;12071@kitt;24249;0.05263157894736842;4
0;cpu-3;12071@kitt;24249;0.15;4
0;cpu-4;12071@kitt;24249;0.19047619047619047;4
0;cpu-5;12071@kitt;24249;0.13636363636363635;4
0;cpu-6;12071@kitt;24249;0.1;4
0;cpu-7;12071@kitt;24249;0.05;4
0;cpu-agg;12071@kitt;24449;0.08333333333333333;4
0;cpu-0;12071@kitt;24449;0.2;4
0;cpu-1;12071@kitt;24449;0.1;4
0;cpu-2;12071@kitt;24449;0.15000000000000002;4
0;cpu-3;12071@kitt;24449;0.0;4
0;cpu-4;12071@kitt;24449;0.0;4
0;cpu-5;12071@kitt;24449;0.0;4
0;cpu-6;12071@kitt;24449;0.1;4
0;cpu-7;12071@kitt;24449;0.05;4
0;cpu-agg;12071@kitt;24649;0.05063291139240506;4
0;cpu-0;12071@kitt;24649;0.15000000000000002;4
0;cpu-1;12071@kitt;24649;0.09523809523809523;4
0;cpu-2;12071@kitt;24649;0.0;4
0;cpu-3;12071@kitt;24649;0.0;4
0;cpu-4;12071@kitt;24649;0.0;4
0;cpu-5;12071@kitt;24649;0.0;4
0;cpu-6;12071@kitt;24649;0.05;4
0;cpu-7;12071@kitt;24649;0.0;4
0;cpu-agg;12071@kitt;24850;0.10493827160493827;4
0;cpu-0;12071@kitt;24850;0.05263157894736842;4
0;cpu-1;12071@kitt;24850;0.05263157894736842;4
0;cpu-2;12071@kitt;24850;0.18181818181818182;4
0;cpu-3;12071@kitt;24850;0.14285714285714285;4
0;cpu-4;12071@kitt;24850;0.09523809523809523;4
0;cpu-5;12071@kitt;24850;0.15000000000000002;4
0;cpu-6;12071@kitt;24850;0.15;4
0;cpu-7;12071@kitt;24850;0.09523809523809523;4
0;cpu-agg;12071@kitt;25050;0.06329113924050633;4
0;cpu-0;12071@kitt;25050;0.05;4
0;cpu-1;12071@kitt;25050;0.05;4
0;cpu-2;12071@kitt;25050;0.1;4
0;cpu-3;12071@kitt;25050;0.05;4
0;cpu-4;12071@kitt;25050;0.05263157894736842;4
0;cpu-5;12071@kitt;25050;0.09523809523809523;4
0;cpu-6;12071@kitt;25050;0.05263157894736842;4
0;cpu-7;12071@kitt;25050;0.05;4
0;cpu-agg;12071@kitt;25251;0.09259259259259259;4
0;cpu-0;12071@kitt;25251;0.14285714285714285;4
0;cpu-1;12071@kitt;25251;0.10526315789473684;4
0;cpu-2;12071@kitt;25251;0.14285714285714285;4
0;cpu-3;12071@kitt;25251;0.05;4
0;cpu-4;12071@kitt;25251;0.13636363636363635;4
0;cpu-5;12071@kitt;25251;0.0;4
0;cpu-6;12071@kitt;25251;0.09523809523809523;4
0;cpu-7;12071@kitt;25251;0.05263157894736842;4
0;cpu-agg;12071@kitt;25451;0.05161290322580645;4
0;cpu-0;12071@kitt;25451;0.10526315789473684;4
0;cpu-1;12071@kitt;25451;0.05263157894736842;4
0;cpu-2;12071@kitt;25451;0.05;4
0;cpu-3;12071@kitt;25451;0.05263157894736842;4
0;cpu-4;12071@kitt;25451;0.0;4
0;cpu-5;12071@kitt;25451;0.0;4
0;cpu-6;12071@kitt;25451;0.05;4
0;cpu-7;12071@kitt;25451;0.1;4
0;cpu-agg;12071@kitt;25651;0.05660377358490566;4
0;cpu-0;12071@kitt;25651;0.05;4
0;cpu-1;12071@kitt;25651;0.05;4
0;cpu-2;12071@kitt;25651;0.1;4
0;cpu-3;12071@kitt;25651;0.1;4
0;cpu-4;12071@kitt;25651;0.0;4
0;cpu-5;12071@kitt;25651;0.0;4
0;cpu-6;12071@kitt;25651;0.047619047619047616;4
0;cpu-7;12071@kitt;25651;0.05263157894736842;4
0;cpu-agg;12071@kitt;25852;0.09433962264150943;4
0;cpu-0;12071@kitt;25852;0.2;4
0;cpu-1;12071@kitt;25852;0.10526315789473684;4
0;cpu-2;12071@kitt;25852;0.14285714285714285;4
0;cpu-3;12071@kitt;25852;0.15000000000000002;4
0;cpu-4;12071@kitt;25852;0.0;4
0;cpu-5;12071@kitt;25852;0.0;4
0;cpu-6;12071@kitt;25852;0.05263157894736842;4
0;cpu-7;12071@kitt;25852;0.15;4
0;cpu-agg;12071@kitt;26052;0.06369426751592357;4
0;cpu-0;12071@kitt;26052;0.05263157894736842;4
0;cpu-1;12071@kitt;26052;0.05263157894736842;4
0;cpu-2;12071@kitt;26052;0.05263157894736842;4
0;cpu-3;12071@kitt;26052;0.0;4
0;cpu-4;12071@kitt;26052;0.05;4
0;cpu-5;12071@kitt;26052;0.05;4
0;cpu-6;12071@kitt;26052;0.1;4
0;cpu-7;12071@kitt;26052;0.0;4
0;cpu-agg;12071@kitt;26253;0.09493670886075949;4
0;cpu-0;12071@kitt;26253;0.15;4
0;cpu-1;12071@kitt;26253;0.15;4
0;cpu-2;12071@kitt;26253;0.15000000000000002;4
0;cpu-3;12071@kitt;26253;0.14285714285714285;4
0;cpu-4;12071@kitt;26253;0.09523809523809523;4
0;cpu-5;12071@kitt;26253;0.0;4
0;cpu-6;12071@kitt;26253;0.09523809523809523;4
0;cpu-7;12071@kitt;26253;0.1;4
0;cpu-agg;12071@kitt;26453;0.0759493670886076;4
0;cpu-0;12071@kitt;26453;0.05;4
0;cpu-1;12071@kitt;26453;0.0;4
0;cpu-2;12071@kitt;26453;0.14285714285714285;4
0;cpu-3;12071@kitt;26453;0.05263157894736842;4
0;cpu-4;12071@kitt;26453;0.05263157894736842;4
0;cpu-5;12071@kitt;26453;0.0;4
0;cpu-6;12071@kitt;26453;0.05;4
0;cpu-7;12071@kitt;26453;0.2;4
0;cpu-agg;12071@kitt;26654;0.044585987261146494;4
0;cpu-0;12071@kitt;26654;0.05263157894736842;4
0;cpu-1;12071@kitt;26654;0.1;4
0;cpu-2;12071@kitt;26654;0.10526315789473684;4
0;cpu-3;12071@kitt;26654;0.0;4
0;cpu-4;12071@kitt;26654;0.047619047619047616;4
0;cpu-5;12071@kitt;26654;0.0;4
0;cpu-6;12071@kitt;26654;0.0;4
0;cpu-7;12071@kitt;26654;0.05;4
0;cpu-agg;12071@kitt;26854;0.0759493670886076;4
0;cpu-0;12071@kitt;26854;0.10526315789473684;4
0;cpu-1;12071@kitt;26854;0.05263157894736842;4
0;cpu-2;12071@kitt;26854;0.15;4
0;cpu-3;12071@kitt;26854;0.05;4
0;cpu-4;12071@kitt;26854;0.05;4
0;cpu-5;12071@kitt;26854;0.05;4
0;cpu-6;12071@kitt;26854;0.05;4
0;cpu-7;12071@kitt;26854;0.05263157894736842;4
0;cpu-agg;12071@kitt;27054;0.05095541401273885;4
0;cpu-0;12071@kitt;27054;0.05555555555555555;4
0;cpu-1;12071@kitt;27054;0.13636363636363635;4
0;cpu-2;12071@kitt;27054;0.1;4
0;cpu-3;12071@kitt;27054;0.05263157894736842;4
0;cpu-4;12071@kitt;27054;0.05;4
0;cpu-5;12071@kitt;27054;0.0;4
0;cpu-6;12071@kitt;27054;0.05;4
0;cpu-7;12071@kitt;27054;0.0;4
0;cpu-agg;12071@kitt;27255;0.10559006211180123;4
0;cpu-0;12071@kitt;27255;0.14285714285714285;4
0;cpu-1;12071@kitt;27255;0.10526315789473684;4
0;cpu-2;12071@kitt;27255;0.1;4
0;cpu-3;12071@kitt;27255;0.10526315789473684;4
0;cpu-4;12071@kitt;27255;0.10526315789473684;4
0;cpu-5;12071@kitt;27255;0.047619047619047616;4
0;cpu-6;12071@kitt;27255;0.09523809523809523;4
0;cpu-7;12071@kitt;27255;0.047619047619047616;4
0;cpu-agg;12071@kitt;27455;0.08227848101265822;4
0;cpu-0;12071@kitt;27455;0.10526315789473684;4
0;cpu-1;12071@kitt;27455;0.15;4
0;cpu-2;12071@kitt;27455;0.05;4
0;cpu-3;12071@kitt;27455;0.1;4
0;cpu-4;12071@kitt;27455;0.10526315789473684;4
0;cpu-5;12071@kitt;27455;0.05;4
0;cpu-6;12071@kitt;27455;0.1;4
0;cpu-7;12071@kitt;27455;0.1;4
0;cpu-agg;12071@kitt;27656;0.04516129032258065;4
0;cpu-0;12071@kitt;27656;0.1;4
0;cpu-1;12071@kitt;27656;0.10526315789473684;4
0;cpu-2;12071@kitt;27656;0.05;4
0;cpu-3;12071@kitt;27656;0.0;4
0;cpu-4;12071@kitt;27656;0.1;4
0;cpu-5;12071@kitt;27656;0.0;4
0;cpu-6;12071@kitt;27656;0.0;4
0;cpu-7;12071@kitt;27656;0.0;4
0;cpu-agg;12071@kitt;27856;0.1;4
0;cpu-0;12071@kitt;27856;0.05263157894736842;4
0;cpu-1;12071@kitt;27856;0.15000000000000002;4
0;cpu-2;12071@kitt;27856;0.05263157894736842;4
0;cpu-3;12071@kitt;27856;0.14285714285714285;4
0;cpu-4;12071@kitt;27856;0.05555555555555555;4
0;cpu-5;12071@kitt;27856;0.14285714285714285;4
0;cpu-6;12071@kitt;27856;0.05;4
0;cpu-7;12071@kitt;27856;0.1;4
0;cpu-agg;12071@kitt;28056;0.06369426751592357;4
0;cpu-0;12071@kitt;28056;0.10526315789473684;4
0;cpu-1;12071@kitt;28056;0.09523809523809523;4
0;cpu-2;12071@kitt;28056;0.05263157894736842;4
0;cpu-3;12071@kitt;28056;0.1;4
0;cpu-4;12071@kitt;28056;0.14285714285714285;4
0;cpu-5;12071@kitt;28056;0.0;4
0;cpu-6;12071@kitt;28056;0.05;4
0;cpu-7;12071@kitt;28056;0.05263157894736842;4
0;cpu-agg;12071@kitt;28257;0.09937888198757763;4
0;cpu-0;12071@kitt;28257;0.15;4
0;cpu-1;12071@kitt;28257;0.15789473684210525;4
0;cpu-2;12071@kitt;28257;0.1;4
0;cpu-3;12071@kitt;28257;0.05;4
0;cpu-4;12071@kitt;28257;0.19047619047619047;4
0;cpu-5;12071@kitt;28257;0.05;4
0;cpu-6;12071@kitt;28257;0.05;4
0;cpu-7;12071@kitt;28257;0.047619047619047616;4
0;cpu-agg;12071@kitt;28457;0.0641025641025641;4
0;cpu-0;12071@kitt;28457;0.1;4
0;cpu-1;12071@kitt;28457;0.09523809523809523;4
0;cpu-2;12071@kitt;28457;0.05263157894736842;4
0;cpu-3;12071@kitt;28457;0.10526315789473684;4
0;cpu-4;12071@kitt;28457;0.05263157894736842;4
0;cpu-5;12071@kitt;28457;0.05;4
0;cpu-6;12071@kitt;28457;0.0;4
0;cpu-7;12071@kitt;28457;0.05263157894736842;4
0;cpu-agg;12071@kitt;28658;0.1858974358974359;4
0;cpu-0;12071@kitt;28658;0.4;4
0;cpu-1;12071@kitt;28658;0.5238095238095237;4
0;cpu-2;12071@kitt;28658;0.05263157894736842;4
0;cpu-3;12071@kitt;28658;0.1;4
0;cpu-4;12071@kitt;28658;0.3333333333333333;4
0;cpu-5;12071@kitt;28658;0.0;4
0;cpu-6;12071@kitt;28658;0.05;4
0;cpu-7;12071@kitt;28658;0.0;4
0;cpu-agg;12071@kitt;28858;0.0875;4
0;cpu-0;12071@kitt;28858;0.15000000000000002;4
0;cpu-1;12071@kitt;28858;0.05555555555555555;4
0;cpu-2;12071@kitt;28858;0.2;4
0;cpu-3;12071@kitt;28858;0.0;4
0;cpu-4;12071@kitt;28858;0.09523809523809523;4
0;cpu-5;12071@kitt;28858;0.047619047619047616;4
0;cpu-6;12071@kitt;28858;0.1;4
0;cpu-7;12071@kitt;28858;0.09090909090909091;4
0;cpu-agg;12071@kitt;29058;0.06918238993710692;4
0;cpu-0;12071@kitt;29058;0.1;4
0;cpu-1;12071@kitt;29058;0.1;4
0;cpu-2;12071@kitt;29058;0.10526315789473684;4
0;cpu-3;12071@kitt;29058;0.0;4
0;cpu-4;12071@kitt;29058;0.09523809523809523;4
0;cpu-5;12071@kitt;29058;0.05;4
0;cpu-6;12071@kitt;29058;0.0;4
0;cpu-7;12071@kitt;29058;0.0;4
0;cpu-agg;12071@kitt;29259;0.1320754716981132;4
0;cpu-0;12071@kitt;29259;0.2;4
0;cpu-1;12071@kitt;29259;0.15000000000000002;4
0;cpu-2;12071@kitt;29259;0.19047619047619047;4
0;cpu-3;12071@kitt;29259;0.4090909090909091;4
0;cpu-4;12071@kitt;29259;0.05263157894736842;4
0;cpu-5;12071@kitt;29259;0.1;4
0;cpu-6;12071@kitt;29259;0.0;4
0;cpu-7;12071@kitt;29259;0.0;4
0;cpu-agg;12071@kitt;29459;0.13836477987421383;4
0;cpu-0;12071@kitt;29459;0.15789473684210525;4
0;cpu-1;12071@kitt;29459;0.05263157894736842;4
0;cpu-2;12071@kitt;29459;0.05263157894736842;4
0;cpu-3;12071@kitt;29459;0.45454545454545453;4
0;cpu-4;12071@kitt;29459;0.15789473684210525;4
0;cpu-5;12071@kitt;29459;0.0;4
0;cpu-6;12071@kitt;29459;0.0;4
0;cpu-7;12071@kitt;29459;0.15000000000000002;4
0;cpu-agg;12071@kitt;29659;0.0445859872611465;4
0;cpu-0;12071@kitt;29659;0.05;4
0;cpu-1;12071@kitt;29659;0.1;4
0;cpu-2;12071@kitt;29659;0.05263157894736842;4
0;cpu-3;12071@kitt;29659;0.05;4
0;cpu-4;12071@kitt;29659;0.05;4
0;cpu-5;12071@kitt;29659;0.047619047619047616;4
0;cpu-6;12071@kitt;29659;0.0;4
0;cpu-7;12071@kitt;29659;0.0;4
0;cpu-agg;12071@kitt;29860;0.09316770186335405;4
0;cpu-0;12071@kitt;29860;0.10526315789473684;4
0;cpu-1;12071@kitt;29860;0.05;4
0;cpu-2;12071@kitt;29860;0.15000000000000002;4
0;cpu-3;12071@kitt;29860;0.05263157894736842;4
0;cpu-4;12071@kitt;29860;0.14285714285714285;4
0;cpu-5;12071@kitt;29860;0.05263157894736842;4
0;cpu-6;12071@kitt;29860;0.09523809523809523;4
0;cpu-7;12071@kitt;29860;0.05263157894736842;4
